lower	upper	mean	model
9.77112135151456e-10	1.28252366502035e-09	1.1298179000859e-09	CRCUECHPRO
7.62868667687334e-10	8.56031001773677e-10	8.09449834730506e-10	CRC2826PRO
7.88899446183311e-10	8.75524308835473e-10	8.32211877509392e-10	CRC3023PRO
