Sample_id	Sequencing_id	mean_coverage	sd_coverage	median_coverage
CRC0282-05-0	CRC0282-05-0_150x	109.189646	37.331566	111
CRC0282-05-1-C	CRC0282-05-1-C_150x	119.3932	42.739507	124
CRC1307-02-1-E	CRC1307-02-1-E_150x	105.908125	46.630196	106
CRC1307-09-0	CRC1307-09-0_150x	101.466385	48.111483	100
CRC1307-09-1-B	CRC1307-09-1-B_150x	107.888575	48.793287	106
CRC1502-03-0	CRC1502-03-0_150x	99.995366	42.125437	99
CRC1502-03-1-A	CRC1502-03-1-A_150x	147.159815	57.410237	148
