name	mle	cilow	cihigh
wmis	wmis	0.93477639912579	0.767039930350376	1.13919351755707
wnon	wnon	0.575195180254465	0.351177960550024	0.942113493881511
wspl	wspl	1.02151377807155	0.605614463024076	1.72302754062287
wtru	wtru	0.730138221200877	0.500595064534823	1.06493623254909
wall	wall	0.912207773289174	0.749820613189527	1.10976279794386
