name	mle	cilow	cihigh
wmis	wmis	1.15323706271863	0.904488080323043	1.47039607459824
wnon	wnon	0.630841849002819	0.33772924807613	1.17834460805595
wspl	wspl	0.300402419059992	0.092106615165132	0.979751706381856
wtru	wtru	0.518745858146399	0.295103336537179	0.911874696171526
wall	wall	1.09216026063351	0.858455662540505	1.38948822514263
