sample	X	r	intercept	slope	subcl	all
CRC1307-09-0	1	0.979812178488679	2519.20058858965	NA	8851	41440
CRC1502-03-1-A	1	0.92955088368698	1639.95484269984	NA	4778	38269
CRC1502-03-0	1	0.940911331090147	1304.64730632997	NA	3875	31292
CRC0282-05-1-C	1	0.88932080312025	5395.60556296887	NA	15979	575642
CRC0282-05-0	1	0.891772464710583	3925.3271671789	NA	11680	564970
CRC1307-09-1-B	1	0.968360229027171	2462.00648454638	NA	8155	42448
CRC1307-02-1-E	1	0.970322023144834	2001.32574204843	NA	6437	40315
