lower	upper	mean	model
6.30377051916561e-09	7.426168451556e-09	6.86496948536081e-09	P1
7.61203548028433e-10	1.17951438896658e-09	9.70358968497504e-10	P2
6.15604044171056e-10	1.33201693270933e-09	9.73810488440192e-10	P3
